-- tạo dữ liệu mẫu
--1 CHI NHANH
INSERT INTO CHINHANH(MACHINHANH, DIACHI, SOFAX, SODIENTHOAI) VALUES('CNH01', N'135B Trần Hưng Đạo Phường Cầu Ông Lãnh Quận 1', '123', '0986351423')
INSERT INTO CHINHANH(MACHINHANH, DIACHI, SOFAX, SODIENTHOAI) VALUES('CNH02', N'227 Nguyễn Văn Cừ Quận 5', '0546', '09726432541')
INSERT INTO CHINHANH(MACHINHANH, DIACHI, SOFAX, SODIENTHOAI) VALUES('CNH03', N'193 Lý Thường Kiệt Quận 11', '03503', '09050036542')
--2 NHAN VIEN
INSERT INTO NHANVIEN(MANV, HOTEN, DIACHI, DIENTHOAI, GIOITINH, NGAYSINH, LUONG, MACHINHANH) 
VALUES('NV01', N'Trần Văn Nam', N'135B TRẦN HƯNG ĐẠO', '0905003216', 'NAM', 20/10/2000, 2111, 'CNH01')

INSERT INTO NHANVIEN(MANV, HOTEN, DIACHI, DIENTHOAI, GIOITINH, NGAYSINH, LUONG, MACHINHANH) 
VALUES('NV02', N'Lý Quí Khánh', N'43 LÝ THƯỜNG KIỆT', '01248009696', 'NAM', 5/10/1980, 5000, 'CNH01')

INSERT INTO NHANVIEN(MANV, HOTEN, DIACHI, DIENTHOAI, GIOITINH, NGAYSINH, LUONG, MACHINHANH) 
VALUES('NV03', N'Nguyễn Trần Diễm Quỳnh', N'273 Nguyễn Thị Nghĩa', '05465266262', N'NỮ', 3/2/1990, 4000, 'CNH02')

INSERT INTO NHANVIEN(MANV, HOTEN, DIACHI, DIENTHOAI, GIOITINH, NGAYSINH, LUONG, MACHINHANH) 
VALUES('NV04', N'Ngô Bảo Châu', N'234 Tôn Đức Thắng', '0451187255', 'NAM', 6/2/1995, 3500, 'CNH03')
--3 LOAI NHA
INSERT INTO LOAINHA(MALOAINHA, TENLOAINHA) VALUES ('LN01', 'VI')
INSERT INTO LOAINHA(MALOAINHA, TENLOAINHA) VALUES ('LN02', 'VII')
INSERT INTO LOAINHA(MALOAINHA, TENLOAINHA) VALUES ('LN03', 'III')
--4 CHU NHA
INSERT INTO CHUNHA(MACHUNHA, HOTEN, DIACHI, SODIENTHOAI) VALUES('CN01', N'Trần Thị Bé', N'Hà Nội', '1234')
INSERT INTO CHUNHA(MACHUNHA, HOTEN, DIACHI, SODIENTHOAI) VALUES('CN02', N'Nguyễn Minh Anh', N'Tp Hồ Chí Minh', '0653652842')
INSERT INTO CHUNHA(MACHUNHA, HOTEN, DIACHI, SODIENTHOAI) VALUES('CN03', N'Lý Văn An', N'Tp Hồ Chí Minh', '0954033642')
--5 KHÁCH HÀNG
INSERT INTO KHACHHANG(MANGUOITHUE, MALOAI, HOTEN, DIACHI, SODIENTHOAI, MACHINHANH)
VALUES('NT01', 'LN01', N'NGUYỄN VĂN A', N'HÀ NỘI', '01248009696', 'CNH01')

INSERT INTO KHACHHANG(MANGUOITHUE, MALOAI, HOTEN, DIACHI, SODIENTHOAI, MACHINHANH)
VALUES('NT02', 'LN02', N'NGUYỄN VĂN B', N'TP HỒ CHÍ MINH', '0356485401', 'CNH02')

INSERT INTO KHACHHANG(MANGUOITHUE, MALOAI, HOTEN, DIACHI, SODIENTHOAI, MACHINHANH)
VALUES('NT03', 'LN02', N'NGUYỄN VĂN C', N'TP LÀO CAI', '056481423', 'CNH02')

INSERT INTO KHACHHANG(MANGUOITHUE, MALOAI, HOTEN, DIACHI, SODIENTHOAI, MACHINHANH)
VALUES('NT04', 'LN03', N'NGUYỄN VĂN D', N'TP CAO LÃNH', '065845872', 'CNH03')

--6 NHÀ CHO THUÊ
INSERT INTO NHACHOTHUE(MANHA, MALOAI, DIACHI, SOLUONGPHONG, MACHINHANH, MANVPHUTRACH, MACHUNHA, TIENTHUE1THANG, NGAYDANG, NGAYHETHAN, TINHTRANG, SOLUOTXEM)
VALUES('NT1', 'LN01', N'HÀ NỘI', 3, 'CNH01', 'NV01', 'CN01', 200000, 20/10/2019, 20/10/2020, 'TRỐNG', 3)

INSERT INTO NHACHOTHUE(MANHA, MALOAI, DIACHI, SOLUONGPHONG, MACHINHANH, MANVPHUTRACH, MACHUNHA, TIENTHUE1THANG, NGAYDANG, NGAYHETHAN, TINHTRANG, SOLUOTXEM)
VALUES('NT2', 'LN01', N'TP Hồ Chí Minh', 2, 'CNH01', 'NV02', 'CN03', 150000, 15/7/2019, 15/7/2020, 'TRỐNG', 1)

INSERT INTO NHACHOTHUE(MANHA, MALOAI, DIACHI, SOLUONGPHONG, MACHINHANH, MANVPHUTRACH, MACHUNHA, TIENTHUE1THANG, NGAYDANG, NGAYHETHAN, TINHTRANG, SOLUOTXEM)
VALUES('NT3', 'LN03', N'TP Hồ Chí Minh', 4, 'CNH03', 'NV04', 'CN03', 400000, 16/6/2020, 16/6/2021, 'TRỐNG', 6)

INSERT INTO NHACHOTHUE(MANHA, MALOAI, DIACHI, SOLUONGPHONG, MACHINHANH, MANVPHUTRACH, MACHUNHA, TIENTHUE1THANG, NGAYDANG, NGAYHETHAN, TINHTRANG, SOLUOTXEM)
VALUES('NT4', 'LN02', N'TP Hồ Chí Minh', 1, 'CNH02', 'NV03', 'CN02', 100000, 26/3/2020, 26/3/2021, 'TRỐNG', 0)

--7 NHÀ BÁN
INSERT INTO NHABAN(MANHA, MALOAI, DIACHI, SOLUONGPHONG, MACHINHANH, MANVPHUTRACH, MACHUNHA, NGAYDANG, NGAYHETHAN, TINHTRANG, SOLUOTXEM, GIABAN, DIEUKIENBAN)
VALUES('NB1', 'LN01', N'TP Hồ Chí Minh', 2, 'CNH02', 'NV03', 'CN01', 15/10/2018, 15/10/2019, 'TRỐNG', 3, 45000000, 'TRÊN 20T')

INSERT INTO NHABAN(MANHA, MALOAI, DIACHI, SOLUONGPHONG, MACHINHANH, MANVPHUTRACH, MACHUNHA, NGAYDANG, NGAYHETHAN, TINHTRANG, SOLUOTXEM, GIABAN, DIEUKIENBAN)
VALUES('NB2', 'LN02', N'TP Hồ Chí Minh', 4, 'CNH01', 'NV01', 'CN01', 7/3/2020, 7/3/2021, 'HẾT', 5, 9000000, 'TRÊN 25T')

INSERT INTO NHABAN(MANHA, MALOAI, DIACHI, SOLUONGPHONG, MACHINHANH, MANVPHUTRACH, MACHUNHA, NGAYDANG, NGAYHETHAN, TINHTRANG, SOLUOTXEM, GIABAN, DIEUKIENBAN)
VALUES('NB3', 'LN02', N'TP Hồ Chí Minh', 1, 'CNH03', 'NV04', 'CN03', 15/10/2017, 15/10/2018, 'TRỐNG', 1, 2000000, 'TRÊN 20T')

--8 HỢP ĐỒNG CHO THUÊ
INSERT INTO HOPDONGCHOTHUE(MAHOPDONG, MANHACHOTHUE, MAKHACHHANG, MACHUNHA)
VALUES('HDT1', 'NT1', 'NT01', 'CN01')

INSERT INTO HOPDONGCHOTHUE(MAHOPDONG, MANHACHOTHUE, MAKHACHHANG, MACHUNHA)
VALUES('HDT2', 'NT2', 'NT04', 'CN02')

INSERT INTO HOPDONGCHOTHUE(MAHOPDONG, MANHACHOTHUE, MAKHACHHANG, MACHUNHA)
VALUES('HDT3', 'NT3', 'NT02', 'CN03')

SELECT *FROM HOPDONGCHOTHUE
SELECT *FROM HOPDONGBAN
--9 HỢP ĐỒNG BÁN
INSERT INTO HOPDONGBAN(MAHOPDONG, MANHABAN, MAKHACHHANG, MACHUNHA)
VALUES('HDB1', 'NB1', 'NT01', 'CN01')

INSERT INTO HOPDONGBAN(MAHOPDONG, MANHABAN, MAKHACHHANG, MACHUNHA)
VALUES('HDB2', 'NB2', 'NT02', 'CN01')

INSERT INTO HOPDONGBAN(MAHOPDONG, MANHABAN, MAKHACHHANG, MACHUNHA)
VALUES('HDB3', 'NB3', 'NT03', 'CN03')

--10 THÔNG BÁO XEM NHÀ
--THÊM CÁC HỢP ĐỒNG CHO THUÊ NHÀ
INSERT INTO THONGBAOXEMNHA(MAKHACHHANG, MANV, MANHATHUE, MANHABAN, MACHINHANH, NGAYXEM, NHANXET)
VALUES('NT01', 'NV01','NT1', NULL, 'CNH01', '2019/12/20', N'NHÀ QUÁ ĐẸP')

INSERT INTO THONGBAOXEMNHA(MAKHACHHANG, MANV, MANHATHUE, MANHABAN, MACHINHANH, NGAYXEM, NHANXET)
VALUES('NT02', 'NV04', 'NT3', NULL, 'CNH03', '2019/9/3', N'ĐẸP')

INSERT INTO THONGBAOXEMNHA(MAKHACHHANG, MANV, MANHATHUE, MANHABAN, MACHINHANH, NGAYXEM, NHANXET)
VALUES('NT04', 'NV01', 'NT2', NULL, 'CNH01', '2019/10/15', N'ĐẸP')

--THÊM THÔNG BÁO XEM NHÀ HỢP ĐỒNG BÁN NHÀ
INSERT INTO THONGBAOXEMNHA(MAKHACHHANG, MANV, MANHATHUE, MANHABAN, MACHINHANH, NGAYXEM, NHANXET)
VALUES('NT01', 'NV01', NULL, 'NB1', 'CNH01', '2019/1/3', N'ĐẸP')

INSERT INTO THONGBAOXEMNHA(MAKHACHHANG, MANV, MANHATHUE, MANHABAN, MACHINHANH, NGAYXEM, NHANXET)
VALUES('NT02', 'NV02', NULL, 'NB2', 'CNH01', '2020/4/7', N'SUPER ĐẸP')

INSERT INTO THONGBAOXEMNHA(MAKHACHHANG, MANV, MANHATHUE, MANHABAN, MACHINHANH, NGAYXEM, NHANXET)
VALUES('NT03', 'NV04', NULL, 'NB3', 'CNH03', '2020/9/20', N'SUPER ĐẸP')